removecard CCard_PriestPorridge
removecard CCard_SwapCurseMonster
removecard CCard_BonusHealthDrain

ungroup "Former Human"
monstergroup "Former Humans", ZombieMan, ShotgunGuy, ChaingunGuy, ZombiemanNew, KarasawaGuy, RepeaterZombie, PlasmaGuy, RocketLauncherGuy, ShotgunGuyNew, SuperShotgunGuy, FemaleRailZombie, ChaingunGuyNew, Minigunner, BFGGuy, SuicideBomber

ungroup "Imps"
monstergroup "Imps", DoomImp, DoomImpNew, DarkImp, STDarkImp, VoidDarkImp, NetherDarkImp

ungroup "Hell Nobles"
monstergroup "Hell Nobles", HellKnight, BaronOfHell, HellWarrior, HellKnightNew, BaronOfHellNew, Belphegor, BruiserDemon, Cybruiser, ArchonOfHell, PyroDemon, FlyingBalrog, FlyingBalrogDVDS, Hierophant

ungroup "Demon"
monstergroup "Demons", Demon, Spectre, DemonNew, SpectreNew, NightmareSpectre, BloodDemon, BloodSpectre, ChaingunDemon, ChaingunSpectre

ungroup "Viles"
monstergroup "Viles", Archvile, ArchvileNew, Diabloist

ungroup "Revs"
monstergroup "Revs", Revenant, RevenantNew, DeathIncarnate

ungroup "Cacos"
monstergroup "Cacos", Cacodemon, CacodemonNew, Cacolantern, Abaddon

ungroup "Arachnos"
monstergroup "Arachnos", Arachnotron, ArachnotronNew, RailArachnotron, FusionArachnotron, ArachnotronMK2

ungroup "Mancubi"
monstergroup "Mancubi", Fatso, MancubusNew, Hectebus, Daedabus

ungroup "Hades Scions"
monstergroup "Hades Scions", HadesSphere, HSOverlord, HadesElemental, HadesOverLord

ungroup "Souls"
monstergroup "Souls", LostSoul, LostSoulNew, LostSoulAnnoying, BetaLostSoul

monstergroup "Hammerducks", Hammerduck, Hammerduck_Hedge, Topiary_Hammerduck
monstergroup "Planters", Planter, PlanterBird
monstergroup "Centaurions", Centaurion, CentaurionFuzzy, CentaurionSgt, CentaurionSgtFuzzy, Centaurion_Hedge, NightmareCentaurion, NightmareCentaurionSgt
monstergroup "Galgoyles", Galgoyle, GalgoyleFuzzy, Galgoyle_Hide, NightmareGalgoyle
monstergroup "Fractal Poultry", FractalChick, FractalChicken, FractalHen, SpectralFractalChick, SpectralFractalChicken, SpectralFractalHen
monstergroup "Brattes", CremeDeBratte, CremeDeBratte_Torched, CremeDeBratteFuzzy, CremeDeBratte_TorchedFuzzy, NightmareCremeDeBratte, NightmareCremeDeBratte_Torched
monstergroup "Reel Heel", ReelHeel, ReelHeelNew, ReelHeelFuzzy, NightmareReelHeel, ReelHeel_Broken, ReelHeel_Loser, ReelHeel_Cherry, ReelHeel_AppleWine, ReelHeel_Ammo, ReelHeel_Jackpot
monstergroup "Angels", PushyAngel, PushyArchAngel
monstergroup "Vitriolae", Vitriola, VitriolaFuzzy, NightmareVitriola
monstergroup "Killetantes", Killetante, KilletanteSoloist, Killetante_Hedge
monstergroup "Forsaken", Forsaken, Forsaken_Quisling, Forsaken_Jorgensen, CoSForsaken
monstergroup "Juggers", Jugger, Juggette, Muddernaut
monstergroup "Bellefish", Bellefish, Bellefish_Fly, Bellefish_FlyFuzzy, NightmareBellefish_Fly
monstergroup "Shillfish", Shillfish, ShillfishFuzzy, Shillfish_Fly, Shillfish_FlyFuzzy
monstergroup "Mother Clones" RoseMother, RoseMotherClone, GameMother, GameMotherClone, GlobeMother, GlobeMotherClone, SphinxMother, SphinxMotherClone, MossMother, MossMotherClone, HandMotherVac, HandMotherVacClone, HandMotherPhaseA, HandMotherPhaseAClone, HandMotherPhaseB, HandMotherPhaseBClone, HandMotherPhaseC, HandMotherPhaseCClone
monstergroup "Teacher Clones", Teacher_Krag, Teacher_KragClone, Teacher_Quis, Teacher_QuisClone, Teacher_Lauritz, Teacher_LauritzClone, Teacher_Jorg, Teacher_JorgClone, Teacher_Vokter, Teacher_VokterClone
monstergroup "Misc Clones", Tempest_Boss, Tempest_BossClone, Delila_Boss, Delila_BossClone